{"cameraMode":{"drawMode":0,"name":"Shaded","section":"Shading Mode"},"sceneLighting":false,"audioPlay":false,"sceneViewState":{"m_AlwaysRefresh":false,"showFog":true,"showSkybox":false,"showFlares":true,"showImageEffects":true,"showParticleSystems":true,"showVisualEffectGraphs":true,"m_FxEnabled":true},"in2DMode":false,"pivot":{"x":801.7935791015625,"y":182.10659790039063,"z":124.53033447265625},"rotation":{"x":0.17175953090190888,"y":-0.26671895384788515,"z":0.04836586117744446,"w":0.9471213221549988},"size":377.9788513183594,"orthographic":false}